{
  "Total" : {
    "transaction" : "Total",
    "sampleCount" : 2,
    "errorCount" : 0,
    "errorPct" : 0.0,
    "meanResTime" : 523.0,
    "medianResTime" : 523.0,
    "minResTime" : 151.0,
    "maxResTime" : 895.0,
    "pct1ResTime" : 895.0,
    "pct2ResTime" : 895.0,
    "pct3ResTime" : 895.0,
    "throughput" : 1.7316017316017316,
    "receivedKBytesPerSec" : 8.239481872294371,
    "sentKBytesPerSec" : 1.2242965367965368
  },
  "02_Search" : {
    "transaction" : "02_Search",
    "sampleCount" : 2,
    "errorCount" : 0,
    "errorPct" : 0.0,
    "meanResTime" : 151.0,
    "medianResTime" : 151.0,
    "minResTime" : 151.0,
    "maxResTime" : 151.0,
    "pct1ResTime" : 151.0,
    "pct2ResTime" : 151.0,
    "pct3ResTime" : 151.0,
    "throughput" : 7.782101167315175,
    "receivedKBytesPerSec" : 31.014409046692606,
    "sentKBytesPerSec" : 7.014530642023346
  },
  "01_OpenURL" : {
    "transaction" : "01_OpenURL",
    "sampleCount" : 2,
    "errorCount" : 0,
    "errorPct" : 0.0,
    "meanResTime" : 895.0,
    "medianResTime" : 895.0,
    "minResTime" : 895.0,
    "maxResTime" : 895.0,
    "pct1ResTime" : 895.0,
    "pct2ResTime" : 895.0,
    "pct3ResTime" : 895.0,
    "throughput" : 2.136752136752137,
    "receivedKBytesPerSec" : 11.818910256410255,
    "sentKBytesPerSec" : 1.0955028044871795
  }
}