{
  "HTTP Request2" : {
    "transaction" : "HTTP Request2",
    "sampleCount" : 1,
    "errorCount" : 0,
    "errorPct" : 0.0,
    "meanResTime" : 198.0,
    "medianResTime" : 198.0,
    "minResTime" : 198.0,
    "maxResTime" : 198.0,
    "pct1ResTime" : 198.0,
    "pct2ResTime" : 198.0,
    "pct3ResTime" : 198.0,
    "throughput" : 5.050505050505051,
    "receivedKBytesPerSec" : 23.462160669191917,
    "sentKBytesPerSec" : 0.5869239267676767
  },
  "HTTP Request1" : {
    "transaction" : "HTTP Request1",
    "sampleCount" : 1,
    "errorCount" : 0,
    "errorPct" : 0.0,
    "meanResTime" : 910.0,
    "medianResTime" : 910.0,
    "minResTime" : 910.0,
    "maxResTime" : 910.0,
    "pct1ResTime" : 910.0,
    "pct2ResTime" : 910.0,
    "pct3ResTime" : 910.0,
    "throughput" : 1.098901098901099,
    "receivedKBytesPerSec" : 5.10495364010989,
    "sentKBytesPerSec" : 0.12770432692307693
  },
  "HTTP Request4" : {
    "transaction" : "HTTP Request4",
    "sampleCount" : 1,
    "errorCount" : 0,
    "errorPct" : 0.0,
    "meanResTime" : 314.0,
    "medianResTime" : 314.0,
    "minResTime" : 314.0,
    "maxResTime" : 314.0,
    "pct1ResTime" : 314.0,
    "pct2ResTime" : 314.0,
    "pct3ResTime" : 314.0,
    "throughput" : 3.1847133757961785,
    "receivedKBytesPerSec" : 14.794610867834395,
    "sentKBytesPerSec" : 0.3700985270700637
  },
  "HTTP Request3" : {
    "transaction" : "HTTP Request3",
    "sampleCount" : 1,
    "errorCount" : 0,
    "errorPct" : 0.0,
    "meanResTime" : 244.0,
    "medianResTime" : 244.0,
    "minResTime" : 244.0,
    "maxResTime" : 244.0,
    "pct1ResTime" : 244.0,
    "pct2ResTime" : 244.0,
    "pct3ResTime" : 244.0,
    "throughput" : 4.0983606557377055,
    "receivedKBytesPerSec" : 19.03896644467213,
    "sentKBytesPerSec" : 0.47627433401639346
  },
  "Total" : {
    "transaction" : "Total",
    "sampleCount" : 4,
    "errorCount" : 0,
    "errorPct" : 0.0,
    "meanResTime" : 416.5,
    "medianResTime" : 279.0,
    "minResTime" : 198.0,
    "maxResTime" : 910.0,
    "pct1ResTime" : 910.0,
    "pct2ResTime" : 910.0,
    "pct3ResTime" : 910.0,
    "throughput" : 2.39377618192699,
    "receivedKBytesPerSec" : 11.120305954518253,
    "sentKBytesPerSec" : 0.278182974266906
  }
}