{
  "Total" : {
    "transaction" : "Total",
    "sampleCount" : 2,
    "errorCount" : 0,
    "errorPct" : 0.0,
    "meanResTime" : 529.0,
    "medianResTime" : 529.0,
    "minResTime" : 151.0,
    "maxResTime" : 907.0,
    "pct1ResTime" : 907.0,
    "pct2ResTime" : 907.0,
    "pct3ResTime" : 907.0,
    "throughput" : 1.8148820326678765,
    "receivedKBytesPerSec" : 8.635754593920144,
    "sentKBytesPerSec" : 1.2831783121597096
  },
  "02_Search" : {
    "transaction" : "02_Search",
    "sampleCount" : 2,
    "errorCount" : 0,
    "errorPct" : 0.0,
    "meanResTime" : 151.0,
    "medianResTime" : 151.0,
    "minResTime" : 151.0,
    "maxResTime" : 151.0,
    "pct1ResTime" : 151.0,
    "pct2ResTime" : 151.0,
    "pct3ResTime" : 151.0,
    "throughput" : 10.416666666666666,
    "receivedKBytesPerSec" : 41.514078776041664,
    "sentKBytesPerSec" : 9.389241536458334
  },
  "01_OpenURL" : {
    "transaction" : "01_OpenURL",
    "sampleCount" : 2,
    "errorCount" : 0,
    "errorPct" : 0.0,
    "meanResTime" : 907.0,
    "medianResTime" : 907.0,
    "minResTime" : 907.0,
    "maxResTime" : 907.0,
    "pct1ResTime" : 907.0,
    "pct2ResTime" : 907.0,
    "pct3ResTime" : 907.0,
    "throughput" : 2.1164021164021167,
    "receivedKBytesPerSec" : 11.706349206349207,
    "sentKBytesPerSec" : 1.0850694444444444
  }
}